{
    "cameras":
    {
        "CameraComponent":
        {
            "intrinsics": [ 3015.3420459640, 0, 340, 0, 3015.3420459640, 220, 0, 0, 1 ],
            "rotation": [ 0, 0, 0, 1 ],
            "translation": [ 0, 0, 0 ],
            "sensor_size": [ 1920, 1080 ]
        }
    }
}