{
    "cameras":
    {
        "CameraComponent":
        {
            "intrinsics": [ 1950.0003425273, 0, 1200, 0, 1950.0003425273, 900, 0, 0, 1 ],
            "rotation": [ 0, 0.0003, 0, 1 ],
            "translation": [ 0, 0, 0 ],
            "sensor_size": [ 3840, 2160 ]
        }
    }
}